lia2018@bashirian.org,Marina Cabreira,633.845.8190
isai.brown@barton.info,Dr. Roberta Barroso,814-401-0655
hardy_walter@ullrich.info,Marcelo Barreira,583/931-3542
jerry2088@rohan.info,Rebeca da Barranca,(714) 967-8280
victoria_ondricka@ruecker.info,Marcela Campos,383.667.0822
doyle.morar@kozey.name,Pérola Caseira,(962) 922-0504
delphia1994@casper.name,Marcela Arantes,309-612-3946
abbigail.will@yundt.name,Manuela Figueira Jr.,236/832-5689
brook2037@stanton.com,Gabriel da Silva,326-484-2550
bridie.brakus@senger.net,Dr. Ana Júlia Raia,636/585-9587
adan1904@stroman.info,Janaína Bittencourt,8785693314
genoveva.oreilly@dicki.com,Joana Roriz,5529989008
hassan_hayes@willms.biz,Ana Júlia Aragão,(366) 524-6207
pascale1979@buckridge.name,Dra. Clarice Teles,(923) 378-9546
cordelia1969@carroll.org,João Gabriel da Rocha,764-465-3993
meda_pacocha@runolfsson.com,Srta. Fabiano Castanheira,855.879.0074
benjamin_collier@white.biz,César Marins Filho,5527763228
heber1926@adams.biz,Carlos Eduardo Cerqueira Neto,(623) 891-4744
hunter2048@abshire.name,Srta. Roberta de Oliveira Neto,246/737-8557
horace2073@wiegand.info,Fernando Castanheira Jr.,880/775-7719
kareem.schultz@heidenreich.org,Noah Antena,444-918-8703
zakary.schowalter@goldner.org,Karla Veloso,745/382-6286
tyreek.barton@wehner.org,Ricardo Quaresma,(426) 899-4504
adrienne_okuneva@schumm.net,Eloah Fernandes,806/467-2847
rodolfo1912@gutmann.com,Sr. Alexandre Pinto,8288750666
birdie1950@williamson.info,Louise Dantas,325.601.7108
deven_conn@reinger.net,Márcio Gomide,559/517-8287
christ2015@becker.net,Djalma Fernandes,(963) 379-0398
mona1953@brown.biz,Gael Meireles,7073423752
maya_rodriguez@gibson.name,Suélen Guterres,247/844-9976
lonie2098@armstrong.net,Valentina Arantes,863/219-2822
woodrow.orn@hermann.biz,Marcelo Chaves,619.261.4442
macie1970@damore.biz,Morgana Munhoz Filho,3006944346
foster.kunde@murray.name,Lorena Araújo,(418) 596-2872
halie_johns@gislason.net,Luiz Felipe Esteves,376/666-3339
lois_marquardt@beahan.name,Calebe Passarinho,702/477-7720
marietta_conroy@labadie.info,Salvador Simões,5216751516
lindsay1988@mertz.biz,Sophie da Fontoura,(404) 972-5169
florida2022@boehm.org,Vinicius Almeida,762.237.4442
emmitt1988@konopelski.org,Kléber Duarte,982.726.4569
alexander_osinski@pouros.info,Sra. Pedro Henrique da Fronteira Filho,878.635.2392
demetrius.hackett@bogisich.com,Ana Cecília Oliveira,(361) 316-4137
hector2081@nicolas.org,Maria Flor Guedes,(483) 652-3560
isaias.crist@morissette.name,Clarice Almada,941.414.5053
fanny.nikolaus@kertzmann.org,Dr. Catarina Passarinho,(551) 544-9869
estel2071@robel.com,Sr. Fernanda da Terra Filho,317-459-7098
arlene.lindgren@gutmann.biz,Dra. Washington Almada,651-218-3042
talon_mosciski@renner.name,Maitê Tavares,7319354521
erling2034@hintz.net,Eduardo Aguiar,(646) 284-9879
quinten1998@fahey.info,Emanuelly Garcês,837/282-5889
fatima.boyle@reichel.net,João Lucas Bentes,671.595.2772
grayson1964@russel.com,Sra. Elísio da Terra Jr.,375.305.0645
ruthie2027@glover.org,Kléber da Nóbrega Neto,(271) 886-5745
keenan1977@stark.name,Ana Beatriz Munhoz,2685597645
rowan2070@baumbach.name,Daniel Macieira,539/989-7431
gianni.brekke@jerde.name,Marcelo Souza,442-617-2029
elody.spencer@gaylord.net,Lívia Nascimento,9418367590
torrance2095@jakubowski.org,José Vidal,936.918.3713
abdullah1908@jerde.org,Sr. Núbia de Lara Jr.,6624057477
katlyn2046@collier.name,Isabela Caseira,818-759-7299
eva1985@schoen.biz,Cauã Cruz,630.367.3126
burdette2003@feil.net,Maria Cecília Figueira,584-335-2914
randi_considine@will.org,Núbia do Prado,917.404.8208
reina2063@waelchi.biz,Luiz Otávio Alves,3458596377
brody_okuneva@gerlach.net,Felipe Fontes,388/583-8752
sylvan_heathcote@upton.info,Sr. Suélen da Barra,884/715-2985
cale2049@gerhold.info,Pietro Barata,(910) 732-9910
richmond2005@okuneva.net,Sra. Mércia Hermingues Neto,(386) 514-4919
duncan1968@kiehn.biz,Dra. Arthur Henrique da Nóbrega,714/542-9234
lyla.russel@crona.org,Fabrícia Caldas,(434) 846-4969
donnell1912@gleason.net,Márcio Ribas,648-434-9289
miller1923@greenfelder.name,Dra. Hugo Aroeira Filho,583.361.2423
nola2028@von.name,Maitê Soeira,444.218.9084
caesar1986@bradtke.com,Alessandra Carvalho,808/322-5596
wilfrid_jacobi@sawayn.biz,Joao Aguiar,615-367-8906
kariane1932@dicki.name,Alessandro Araújo,666-535-8408
art.jerde@turcotte.biz,Ryan Reis,(321) 215-7196
chloe_kub@ward.com,Ian Simões,(366) 312-9106
susie1965@reilly.info,Djalma de Sá,957-261-1851
beulah_cremin@collier.org,Pietra Vasques,968/685-7468
carlie.mayer@dooley.biz,Enrico Bomdia,609.768.3891
americo2059@schultz.com,Dra. Camila Ornelas Neto,8393793412
emmitt.dickens@langworth.info,Valentina da Mota,706.969.5808
neil2071@torphy.org,Vitória Castro Neto,978-809-5560
myrtie_koch@morissette.biz,Juliana Barreto,319/278-8336
oran1939@volkman.com,Samuel Fontes,(939) 496-7407
deborah.murazik@mann.info,Dra. Cecília Coqueiro Filho,278/207-5299
amara2082@schumm.net,Manuela de Oliveira,4496459719
chanel1987@friesen.name,Felícia da Cruz,(254) 882-5902
lorenz_thiel@dach.biz,Lavínia Duarte Neto,247/313-0812
dean_bauch@robel.org,Dr. João Lucas Rodrigues Filho,476/242-9923
seth_hoeger@shields.info,Manuela Hermingues,760-956-3246
derick2070@rolfson.com,Srta. Arthur Miguel da Fronteira Neto,918/497-8232
columbus1944@marks.com,Fernando da Paz,563/895-3275
floy_funk@kertzmann.info,Célia Limeira,775-313-6028
icie_zemlak@kilback.info,Víctor Vidal Jr.,916.617.5049
julie_heidenreich@ullrich.org,Dr. João Lucas Roseira Neto,(939) 722-7229
yadira_durgan@bosco.org,Pedro Henrique Monteiro,441/291-7958
teste_atualizado@gmail.com,TESTE ATUALIZADO,49494949
